{"cameraMode":{"drawMode":0,"name":"Shaded","section":"Shading Mode"},"sceneLighting":true,"audioPlay":false,"sceneViewState":{"m_AlwaysRefresh":false,"showFog":true,"showSkybox":true,"showFlares":true,"showImageEffects":true,"showParticleSystems":true,"showVisualEffectGraphs":true,"m_FxEnabled":true},"in2DMode":false,"pivot":{"x":-0.4491095542907715,"y":0.228340283036232,"z":-1.463170051574707},"rotation":{"x":-0.00024325127014890313,"y":0.9985350966453552,"z":0.05397335812449455,"w":0.0044935159385204319},"size":11.197763442993164,"orthographic":true}